feature,importance
Absorbance,21.626585891956196
Concentration (mg/l),1.6091252727410876
Time (min),0.10472526801535192
Amount adsorbed (mg/g),0.004967752293519104
