model,mae,rmse,r2
LinearRegression,0.3156000619538091,0.35319809498465843,0.9996961203387698
MLPRegressor,0.47678112645214105,0.7566490242675116,0.9986053864472697
RandomForestRegressor,0.7115384615384615,0.9081591223199774,0.9979909588694463
GradientBoostingRegressor,0.6079234462384665,0.9572487329479474,0.9977678954696382
